{"pitch": [0.0, 861.0652680130653, 127.59217395875189, 107.50582698588016], "energy": [0.01786651276051998, 314.9619140625, 21.957090377807617, 19.31754493713379]}